"dataset","series_id","plot_type","path"
"fishbiomass","ACADRED2J3K","classif","fishbiomass/aicasd/classif/ACADRED2J3K_aicasd_looFALSE_allmodels.png"
"fishbiomass","ACADRED2J3K","detection","fishbiomass/aicasd/detection/ACADRED2J3K_aicasd_looFALSE_detection.png"
"fishbiomass","ACADREDUT3","classif","fishbiomass/aicasd/classif/ACADREDUT3_aicasd_looFALSE_allmodels.png"
"fishbiomass","ACADREDUT3","detection","fishbiomass/aicasd/detection/ACADREDUT3_aicasd_looFALSE_detection.png"
"fishbiomass","ACADREDUT3","dynfoot","fishbiomass/aicasd/dynfoot/ACADREDUT3.png"
"fishbiomass","ALBANATL","classif","fishbiomass/aicasd/classif/ALBANATL_aicasd_looFALSE_allmodels.png"
"fishbiomass","ALBANATL","detection","fishbiomass/aicasd/detection/ALBANATL_aicasd_looFALSE_detection.png"
"fishbiomass","ALBANATL","dynfoot","fishbiomass/aicasd/dynfoot/ALBANATL.png"
"fishbiomass","AMPL23K","classif","fishbiomass/aicasd/classif/AMPL23K_aicasd_looFALSE_allmodels.png"
"fishbiomass","AMPL23K","detection","fishbiomass/aicasd/detection/AMPL23K_aicasd_looFALSE_detection.png"
"fishbiomass","AMPL3LNO","classif","fishbiomass/aicasd/classif/AMPL3LNO_aicasd_looFALSE_allmodels.png"
"fishbiomass","AMPL3LNO","detection","fishbiomass/aicasd/detection/AMPL3LNO_aicasd_looFALSE_detection.png"
"fishbiomass","AMPL3LNO","dynfoot","fishbiomass/aicasd/dynfoot/AMPL3LNO.png"
"fishbiomass","ANCHOBAYB","classif","fishbiomass/aicasd/classif/ANCHOBAYB_aicasd_looFALSE_allmodels.png"
"fishbiomass","ANCHOBAYB","detection","fishbiomass/aicasd/detection/ANCHOBAYB_aicasd_looFALSE_detection.png"
"fishbiomass","ATHAL3NOPs4VWX5Zc","classif","fishbiomass/aicasd/classif/ATHAL3NOPs4VWX5Zc_aicasd_looFALSE_allmodels.png"
"fishbiomass","ATHAL3NOPs4VWX5Zc","detection","fishbiomass/aicasd/detection/ATHAL3NOPs4VWX5Zc_aicasd_looFALSE_detection.png"
"fishbiomass","ATHAL3NOPs4VWX5Zc","dynfoot","fishbiomass/aicasd/dynfoot/ATHAL3NOPs4VWX5Zc.png"
"fishbiomass","ATHAL5YZ","classif","fishbiomass/aicasd/classif/ATHAL5YZ_aicasd_looFALSE_allmodels.png"
"fishbiomass","ATHAL5YZ","detection","fishbiomass/aicasd/detection/ATHAL5YZ_aicasd_looFALSE_detection.png"
"fishbiomass","BLUEFISHATLC","classif","fishbiomass/aicasd/classif/BLUEFISHATLC_aicasd_looFALSE_allmodels.png"
"fishbiomass","BLUEFISHATLC","detection","fishbiomass/aicasd/detection/BLUEFISHATLC_aicasd_looFALSE_detection.png"
"fishbiomass","BSBASSMATLC","classif","fishbiomass/aicasd/classif/BSBASSMATLC_aicasd_looFALSE_allmodels.png"
"fishbiomass","BSBASSMATLC","detection","fishbiomass/aicasd/detection/BSBASSMATLC_aicasd_looFALSE_detection.png"
"fishbiomass","BWHITNEA","classif","fishbiomass/aicasd/classif/BWHITNEA_aicasd_looFALSE_allmodels.png"
"fishbiomass","BWHITNEA","detection","fishbiomass/aicasd/detection/BWHITNEA_aicasd_looFALSE_detection.png"
"fishbiomass","BWHITNEA","dynfoot","fishbiomass/aicasd/dynfoot/BWHITNEA.png"
"fishbiomass","CAPENOR","classif","fishbiomass/aicasd/classif/CAPENOR_aicasd_looFALSE_allmodels.png"
"fishbiomass","CAPENOR","detection","fishbiomass/aicasd/detection/CAPENOR_aicasd_looFALSE_detection.png"
"fishbiomass","COD1F-XIV","classif","fishbiomass/aicasd/classif/COD1F-XIV_aicasd_looFALSE_allmodels.png"
"fishbiomass","COD1F-XIV","detection","fishbiomass/aicasd/detection/COD1F-XIV_aicasd_looFALSE_detection.png"
"fishbiomass","COD1F-XIV","dynfoot","fishbiomass/aicasd/dynfoot/COD1F-XIV.png"
"fishbiomass","COD1IN","classif","fishbiomass/aicasd/classif/COD1IN_aicasd_looFALSE_allmodels.png"
"fishbiomass","COD1IN","detection","fishbiomass/aicasd/detection/COD1IN_aicasd_looFALSE_detection.png"
"fishbiomass","COD1IN","dynfoot","fishbiomass/aicasd/dynfoot/COD1IN.png"
"fishbiomass","COD2J3KL","classif","fishbiomass/aicasd/classif/COD2J3KL_aicasd_looFALSE_allmodels.png"
"fishbiomass","COD2J3KL","detection","fishbiomass/aicasd/detection/COD2J3KL_aicasd_looFALSE_detection.png"
"fishbiomass","COD3NO","classif","fishbiomass/aicasd/classif/COD3NO_aicasd_looFALSE_allmodels.png"
"fishbiomass","COD3NO","detection","fishbiomass/aicasd/detection/COD3NO_aicasd_looFALSE_detection.png"
"fishbiomass","COD3Pn4RS","classif","fishbiomass/aicasd/classif/COD3Pn4RS_aicasd_looFALSE_allmodels.png"
"fishbiomass","COD3Pn4RS","detection","fishbiomass/aicasd/detection/COD3Pn4RS_aicasd_looFALSE_detection.png"
"fishbiomass","COD4TVn","classif","fishbiomass/aicasd/classif/COD4TVn_aicasd_looFALSE_allmodels.png"
"fishbiomass","COD4TVn","detection","fishbiomass/aicasd/detection/COD4TVn_aicasd_looFALSE_detection.png"
"fishbiomass","COD4TVn","dynfoot","fishbiomass/aicasd/dynfoot/COD4TVn.png"
"fishbiomass","COD4X5Yb","classif","fishbiomass/aicasd/classif/COD4X5Yb_aicasd_looFALSE_allmodels.png"
"fishbiomass","COD4X5Yb","detection","fishbiomass/aicasd/detection/COD4X5Yb_aicasd_looFALSE_detection.png"
"fishbiomass","COD5Zjm","classif","fishbiomass/aicasd/classif/COD5Zjm_aicasd_looFALSE_allmodels.png"
"fishbiomass","COD5Zjm","detection","fishbiomass/aicasd/detection/COD5Zjm_aicasd_looFALSE_detection.png"
"fishbiomass","COD5Zjm","dynfoot","fishbiomass/aicasd/dynfoot/COD5Zjm.png"
"fishbiomass","CODBA2224","classif","fishbiomass/aicasd/classif/CODBA2224_aicasd_looFALSE_allmodels.png"
"fishbiomass","CODBA2224","detection","fishbiomass/aicasd/detection/CODBA2224_aicasd_looFALSE_detection.png"
"fishbiomass","CODBA2532","classif","fishbiomass/aicasd/classif/CODBA2532_aicasd_looFALSE_allmodels.png"
"fishbiomass","CODBA2532","detection","fishbiomass/aicasd/detection/CODBA2532_aicasd_looFALSE_detection.png"
"fishbiomass","CODBA2532","dynfoot","fishbiomass/aicasd/dynfoot/CODBA2532.png"
"fishbiomass","CODFAPL","classif","fishbiomass/aicasd/classif/CODFAPL_aicasd_looFALSE_allmodels.png"
"fishbiomass","CODFAPL","detection","fishbiomass/aicasd/detection/CODFAPL_aicasd_looFALSE_detection.png"
"fishbiomass","CODFAPL","dynfoot","fishbiomass/aicasd/dynfoot/CODFAPL.png"
"fishbiomass","CODICE","classif","fishbiomass/aicasd/classif/CODICE_aicasd_looFALSE_allmodels.png"
"fishbiomass","CODICE","detection","fishbiomass/aicasd/detection/CODICE_aicasd_looFALSE_detection.png"
"fishbiomass","CODICE","dynfoot","fishbiomass/aicasd/dynfoot/CODICE.png"
"fishbiomass","CODIIIaW-IV-VIId","classif","fishbiomass/aicasd/classif/CODIIIaW-IV-VIId_aicasd_looFALSE_allmodels.png"
"fishbiomass","CODIIIaW-IV-VIId","detection","fishbiomass/aicasd/detection/CODIIIaW-IV-VIId_aicasd_looFALSE_detection.png"
"fishbiomass","CODIIIaW-IV-VIId","dynfoot","fishbiomass/aicasd/dynfoot/CODIIIaW-IV-VIId.png"
"fishbiomass","CODIS","classif","fishbiomass/aicasd/classif/CODIS_aicasd_looFALSE_allmodels.png"
"fishbiomass","CODIS","detection","fishbiomass/aicasd/detection/CODIS_aicasd_looFALSE_detection.png"
"fishbiomass","CODNEAR","classif","fishbiomass/aicasd/classif/CODNEAR_aicasd_looFALSE_allmodels.png"
"fishbiomass","CODNEAR","detection","fishbiomass/aicasd/detection/CODNEAR_aicasd_looFALSE_detection.png"
"fishbiomass","CODNEAR","dynfoot","fishbiomass/aicasd/dynfoot/CODNEAR.png"
"fishbiomass","CODVIa","classif","fishbiomass/aicasd/classif/CODVIa_aicasd_looFALSE_allmodels.png"
"fishbiomass","CODVIa","detection","fishbiomass/aicasd/detection/CODVIa_aicasd_looFALSE_detection.png"
"fishbiomass","CODVIIek","classif","fishbiomass/aicasd/classif/CODVIIek_aicasd_looFALSE_allmodels.png"
"fishbiomass","CODVIIek","detection","fishbiomass/aicasd/detection/CODVIIek_aicasd_looFALSE_detection.png"
"fishbiomass","CODVIIek","dynfoot","fishbiomass/aicasd/dynfoot/CODVIIek.png"
"fishbiomass","CUSK4X","classif","fishbiomass/aicasd/classif/CUSK4X_aicasd_looFALSE_allmodels.png"
"fishbiomass","CUSK4X","detection","fishbiomass/aicasd/detection/CUSK4X_aicasd_looFALSE_detection.png"
"fishbiomass","CUSKVa-XIV","classif","fishbiomass/aicasd/classif/CUSKVa-XIV_aicasd_looFALSE_allmodels.png"
"fishbiomass","CUSKVa-XIV","detection","fishbiomass/aicasd/detection/CUSKVa-XIV_aicasd_looFALSE_detection.png"
"fishbiomass","EBASSIVbc-VII","classif","fishbiomass/aicasd/classif/EBASSIVbc-VII_aicasd_looFALSE_allmodels.png"
"fishbiomass","EBASSIVbc-VII","detection","fishbiomass/aicasd/detection/EBASSIVbc-VII_aicasd_looFALSE_detection.png"
"fishbiomass","FMEG8c9a","classif","fishbiomass/aicasd/classif/FMEG8c9a_aicasd_looFALSE_allmodels.png"
"fishbiomass","FMEG8c9a","detection","fishbiomass/aicasd/detection/FMEG8c9a_aicasd_looFALSE_detection.png"
"fishbiomass","GHAL23KLMNO","classif","fishbiomass/aicasd/classif/GHAL23KLMNO_aicasd_looFALSE_allmodels.png"
"fishbiomass","GHAL23KLMNO","detection","fishbiomass/aicasd/detection/GHAL23KLMNO_aicasd_looFALSE_detection.png"
"fishbiomass","GHALNEAR","classif","fishbiomass/aicasd/classif/GHALNEAR_aicasd_looFALSE_allmodels.png"
"fishbiomass","GHALNEAR","detection","fishbiomass/aicasd/detection/GHALNEAR_aicasd_looFALSE_detection.png"
"fishbiomass","GOLDREDNEAR","classif","fishbiomass/aicasd/classif/GOLDREDNEAR_aicasd_looFALSE_allmodels.png"
"fishbiomass","GOLDREDNEAR","detection","fishbiomass/aicasd/detection/GOLDREDNEAR_aicasd_looFALSE_detection.png"
"fishbiomass","GOLDREDV-VI-XII-XIV","classif","fishbiomass/aicasd/classif/GOLDREDV-VI-XII-XIV_aicasd_looFALSE_allmodels.png"
"fishbiomass","GOLDREDV-VI-XII-XIV","detection","fishbiomass/aicasd/detection/GOLDREDV-VI-XII-XIV_aicasd_looFALSE_detection.png"
"fishbiomass","HAD4X5Y","classif","fishbiomass/aicasd/classif/HAD4X5Y_aicasd_looFALSE_allmodels.png"
"fishbiomass","HAD4X5Y","detection","fishbiomass/aicasd/detection/HAD4X5Y_aicasd_looFALSE_detection.png"
"fishbiomass","HAD4X5Y","dynfoot","fishbiomass/aicasd/dynfoot/HAD4X5Y.png"
"fishbiomass","HAD5Y","classif","fishbiomass/aicasd/classif/HAD5Y_aicasd_looFALSE_allmodels.png"
"fishbiomass","HAD5Y","detection","fishbiomass/aicasd/detection/HAD5Y_aicasd_looFALSE_detection.png"
"fishbiomass","HADFAPL","classif","fishbiomass/aicasd/classif/HADFAPL_aicasd_looFALSE_allmodels.png"
"fishbiomass","HADFAPL","detection","fishbiomass/aicasd/detection/HADFAPL_aicasd_looFALSE_detection.png"
"fishbiomass","HADFAPL","dynfoot","fishbiomass/aicasd/dynfoot/HADFAPL.png"
"fishbiomass","HADICE","classif","fishbiomass/aicasd/classif/HADICE_aicasd_looFALSE_allmodels.png"
"fishbiomass","HADICE","detection","fishbiomass/aicasd/detection/HADICE_aicasd_looFALSE_detection.png"
"fishbiomass","HADIS","classif","fishbiomass/aicasd/classif/HADIS_aicasd_looFALSE_allmodels.png"
"fishbiomass","HADIS","detection","fishbiomass/aicasd/detection/HADIS_aicasd_looFALSE_detection.png"
"fishbiomass","HADNEAR","classif","fishbiomass/aicasd/classif/HADNEAR_aicasd_looFALSE_allmodels.png"
"fishbiomass","HADNEAR","detection","fishbiomass/aicasd/detection/HADNEAR_aicasd_looFALSE_detection.png"
"fishbiomass","HADNEAR","dynfoot","fishbiomass/aicasd/dynfoot/HADNEAR.png"
"fishbiomass","HADNS-IIIa-VIa","classif","fishbiomass/aicasd/classif/HADNS-IIIa-VIa_aicasd_looFALSE_allmodels.png"
"fishbiomass","HADNS-IIIa-VIa","detection","fishbiomass/aicasd/detection/HADNS-IIIa-VIa_aicasd_looFALSE_detection.png"
"fishbiomass","HADNS-IIIa-VIa","dynfoot","fishbiomass/aicasd/dynfoot/HADNS-IIIa-VIa.png"
"fishbiomass","HADROCK","classif","fishbiomass/aicasd/classif/HADROCK_aicasd_looFALSE_allmodels.png"
"fishbiomass","HADROCK","detection","fishbiomass/aicasd/detection/HADROCK_aicasd_looFALSE_detection.png"
"fishbiomass","HADVIIb-k","classif","fishbiomass/aicasd/classif/HADVIIb-k_aicasd_looFALSE_allmodels.png"
"fishbiomass","HADVIIb-k","detection","fishbiomass/aicasd/detection/HADVIIb-k_aicasd_looFALSE_detection.png"
"fishbiomass","HAKENRTN","classif","fishbiomass/aicasd/classif/HAKENRTN_aicasd_looFALSE_allmodels.png"
"fishbiomass","HAKENRTN","detection","fishbiomass/aicasd/detection/HAKENRTN_aicasd_looFALSE_detection.png"
"fishbiomass","HAKESOTH","classif","fishbiomass/aicasd/classif/HAKESOTH_aicasd_looFALSE_allmodels.png"
"fishbiomass","HAKESOTH","detection","fishbiomass/aicasd/detection/HAKESOTH_aicasd_looFALSE_detection.png"
"fishbiomass","HERR2224IIIa","classif","fishbiomass/aicasd/classif/HERR2224IIIa_aicasd_looFALSE_allmodels.png"
"fishbiomass","HERR2224IIIa","detection","fishbiomass/aicasd/detection/HERR2224IIIa_aicasd_looFALSE_detection.png"
"fishbiomass","HERR2529-32","classif","fishbiomass/aicasd/classif/HERR2529-32_aicasd_looFALSE_allmodels.png"
"fishbiomass","HERR2529-32","detection","fishbiomass/aicasd/detection/HERR2529-32_aicasd_looFALSE_detection.png"
"fishbiomass","HERR2529-32","dynfoot","fishbiomass/aicasd/dynfoot/HERR2529-32.png"
"fishbiomass","HERR30-31","classif","fishbiomass/aicasd/classif/HERR30-31_aicasd_looFALSE_allmodels.png"
"fishbiomass","HERR30-31","detection","fishbiomass/aicasd/detection/HERR30-31_aicasd_looFALSE_detection.png"
"fishbiomass","HERR4RSP","classif","fishbiomass/aicasd/classif/HERR4RSP_aicasd_looFALSE_allmodels.png"
"fishbiomass","HERR4RSP","detection","fishbiomass/aicasd/detection/HERR4RSP_aicasd_looFALSE_detection.png"
"fishbiomass","HERR4RSP","dynfoot","fishbiomass/aicasd/dynfoot/HERR4RSP.png"
"fishbiomass","HERR4VWX","classif","fishbiomass/aicasd/classif/HERR4VWX_aicasd_looFALSE_allmodels.png"
"fishbiomass","HERR4VWX","detection","fishbiomass/aicasd/detection/HERR4VWX_aicasd_looFALSE_detection.png"
"fishbiomass","HERRIsum","classif","fishbiomass/aicasd/classif/HERRIsum_aicasd_looFALSE_allmodels.png"
"fishbiomass","HERRIsum","detection","fishbiomass/aicasd/detection/HERRIsum_aicasd_looFALSE_detection.png"
"fishbiomass","HERRNIRS","classif","fishbiomass/aicasd/classif/HERRNIRS_aicasd_looFALSE_allmodels.png"
"fishbiomass","HERRNIRS","detection","fishbiomass/aicasd/detection/HERRNIRS_aicasd_looFALSE_detection.png"
"fishbiomass","HERRNORSS","classif","fishbiomass/aicasd/classif/HERRNORSS_aicasd_looFALSE_allmodels.png"
"fishbiomass","HERRNORSS","detection","fishbiomass/aicasd/detection/HERRNORSS_aicasd_looFALSE_detection.png"
"fishbiomass","HERRNS-IIIa-VIId","classif","fishbiomass/aicasd/classif/HERRNS-IIIa-VIId_aicasd_looFALSE_allmodels.png"
"fishbiomass","HERRNS-IIIa-VIId","detection","fishbiomass/aicasd/detection/HERRNS-IIIa-VIId_aicasd_looFALSE_detection.png"
"fishbiomass","HERRNS-IIIa-VIId","dynfoot","fishbiomass/aicasd/dynfoot/HERRNS-IIIa-VIId.png"
"fishbiomass","HERRNWATLC","classif","fishbiomass/aicasd/classif/HERRNWATLC_aicasd_looFALSE_allmodels.png"
"fishbiomass","HERRNWATLC","detection","fishbiomass/aicasd/detection/HERRNWATLC_aicasd_looFALSE_detection.png"
"fishbiomass","HERRNWATLC","dynfoot","fishbiomass/aicasd/dynfoot/HERRNWATLC.png"
"fishbiomass","HERRRIGA","classif","fishbiomass/aicasd/classif/HERRRIGA_aicasd_looFALSE_allmodels.png"
"fishbiomass","HERRRIGA","detection","fishbiomass/aicasd/detection/HERRRIGA_aicasd_looFALSE_detection.png"
"fishbiomass","HERRSIRS","classif","fishbiomass/aicasd/classif/HERRSIRS_aicasd_looFALSE_allmodels.png"
"fishbiomass","HERRSIRS","detection","fishbiomass/aicasd/detection/HERRSIRS_aicasd_looFALSE_detection.png"
"fishbiomass","HERRVIaVIIbc","classif","fishbiomass/aicasd/classif/HERRVIaVIIbc_aicasd_looFALSE_allmodels.png"
"fishbiomass","HERRVIaVIIbc","detection","fishbiomass/aicasd/detection/HERRVIaVIIbc_aicasd_looFALSE_detection.png"
"fishbiomass","HERRVIaVIIbc","dynfoot","fishbiomass/aicasd/dynfoot/HERRVIaVIIbc.png"
"fishbiomass","HMACKIIa-IVa-Vb-VIa-VII-VIII","classif","fishbiomass/aicasd/classif/HMACKIIa-IVa-Vb-VIa-VII-VIII_aicasd_looFALSE_allmodels.png"
"fishbiomass","HMACKIIa-IVa-Vb-VIa-VII-VIII","detection","fishbiomass/aicasd/detection/HMACKIIa-IVa-Vb-VIa-VII-VIII_aicasd_looFALSE_detection.png"
"fishbiomass","LINGVa","classif","fishbiomass/aicasd/classif/LINGVa_aicasd_looFALSE_allmodels.png"
"fishbiomass","LINGVa","detection","fishbiomass/aicasd/detection/LINGVa_aicasd_looFALSE_detection.png"
"fishbiomass","MACKNEICES","classif","fishbiomass/aicasd/classif/MACKNEICES_aicasd_looFALSE_allmodels.png"
"fishbiomass","MACKNEICES","detection","fishbiomass/aicasd/detection/MACKNEICES_aicasd_looFALSE_detection.png"
"fishbiomass","MACKNWATLSA3-4","classif","fishbiomass/aicasd/classif/MACKNWATLSA3-4_aicasd_looFALSE_allmodels.png"
"fishbiomass","MACKNWATLSA3-4","detection","fishbiomass/aicasd/detection/MACKNWATLSA3-4_aicasd_looFALSE_detection.png"
"fishbiomass","MACKNWATLSA3-4","dynfoot","fishbiomass/aicasd/dynfoot/MACKNWATLSA3-4.png"
"fishbiomass","MEG8c9a","classif","fishbiomass/aicasd/classif/MEG8c9a_aicasd_looFALSE_allmodels.png"
"fishbiomass","MEG8c9a","detection","fishbiomass/aicasd/detection/MEG8c9a_aicasd_looFALSE_detection.png"
"fishbiomass","MEGVII-VIIIabd","classif","fishbiomass/aicasd/classif/MEGVII-VIIIabd_aicasd_looFALSE_allmodels.png"
"fishbiomass","MEGVII-VIIIabd","detection","fishbiomass/aicasd/detection/MEGVII-VIIIabd_aicasd_looFALSE_detection.png"
"fishbiomass","MENATLAN","classif","fishbiomass/aicasd/classif/MENATLAN_aicasd_looFALSE_allmodels.png"
"fishbiomass","MENATLAN","detection","fishbiomass/aicasd/detection/MENATLAN_aicasd_looFALSE_detection.png"
"fishbiomass","MONKGOMNGB","classif","fishbiomass/aicasd/classif/MONKGOMNGB_aicasd_looFALSE_allmodels.png"
"fishbiomass","MONKGOMNGB","detection","fishbiomass/aicasd/detection/MONKGOMNGB_aicasd_looFALSE_detection.png"
"fishbiomass","MONKSGBMATL","classif","fishbiomass/aicasd/classif/MONKSGBMATL_aicasd_looFALSE_allmodels.png"
"fishbiomass","MONKSGBMATL","detection","fishbiomass/aicasd/detection/MONKSGBMATL_aicasd_looFALSE_detection.png"
"fishbiomass","NPOUTIIIa-IV","classif","fishbiomass/aicasd/classif/NPOUTIIIa-IV_aicasd_looFALSE_allmodels.png"
"fishbiomass","NPOUTIIIa-IV","detection","fishbiomass/aicasd/detection/NPOUTIIIa-IV_aicasd_looFALSE_detection.png"
"fishbiomass","NPOUTIIIa-IV","dynfoot","fishbiomass/aicasd/dynfoot/NPOUTIIIa-IV.png"
"fishbiomass","PLAIC7d","classif","fishbiomass/aicasd/classif/PLAIC7d_aicasd_looFALSE_allmodels.png"
"fishbiomass","PLAIC7d","detection","fishbiomass/aicasd/detection/PLAIC7d_aicasd_looFALSE_detection.png"
"fishbiomass","PLAICCELT","classif","fishbiomass/aicasd/classif/PLAICCELT_aicasd_looFALSE_allmodels.png"
"fishbiomass","PLAICCELT","detection","fishbiomass/aicasd/detection/PLAICCELT_aicasd_looFALSE_detection.png"
"fishbiomass","PLAICECHW","classif","fishbiomass/aicasd/classif/PLAICECHW_aicasd_looFALSE_allmodels.png"
"fishbiomass","PLAICECHW","detection","fishbiomass/aicasd/detection/PLAICECHW_aicasd_looFALSE_detection.png"
"fishbiomass","PLAICIS","classif","fishbiomass/aicasd/classif/PLAICIS_aicasd_looFALSE_allmodels.png"
"fishbiomass","PLAICIS","detection","fishbiomass/aicasd/detection/PLAICIS_aicasd_looFALSE_detection.png"
"fishbiomass","PLAICNS","classif","fishbiomass/aicasd/classif/PLAICNS_aicasd_looFALSE_allmodels.png"
"fishbiomass","PLAICNS","detection","fishbiomass/aicasd/detection/PLAICNS_aicasd_looFALSE_detection.png"
"fishbiomass","PLAICNS","dynfoot","fishbiomass/aicasd/dynfoot/PLAICNS.png"
"fishbiomass","POLL5YZ","classif","fishbiomass/aicasd/classif/POLL5YZ_aicasd_looFALSE_allmodels.png"
"fishbiomass","POLL5YZ","detection","fishbiomass/aicasd/detection/POLL5YZ_aicasd_looFALSE_detection.png"
"fishbiomass","POLL5YZ","dynfoot","fishbiomass/aicasd/dynfoot/POLL5YZ.png"
"fishbiomass","POLLFAPL","classif","fishbiomass/aicasd/classif/POLLFAPL_aicasd_looFALSE_allmodels.png"
"fishbiomass","POLLFAPL","detection","fishbiomass/aicasd/detection/POLLFAPL_aicasd_looFALSE_detection.png"
"fishbiomass","POLLFAPL","dynfoot","fishbiomass/aicasd/dynfoot/POLLFAPL.png"
"fishbiomass","POLLIEG","classif","fishbiomass/aicasd/classif/POLLIEG_aicasd_looFALSE_allmodels.png"
"fishbiomass","POLLIEG","detection","fishbiomass/aicasd/detection/POLLIEG_aicasd_looFALSE_detection.png"
"fishbiomass","POLLNEAR","classif","fishbiomass/aicasd/classif/POLLNEAR_aicasd_looFALSE_allmodels.png"
"fishbiomass","POLLNEAR","detection","fishbiomass/aicasd/detection/POLLNEAR_aicasd_looFALSE_detection.png"
"fishbiomass","POLLNEAR","dynfoot","fishbiomass/aicasd/dynfoot/POLLNEAR.png"
"fishbiomass","POLLNS-VI-IIIa","classif","fishbiomass/aicasd/classif/POLLNS-VI-IIIa_aicasd_looFALSE_allmodels.png"
"fishbiomass","POLLNS-VI-IIIa","detection","fishbiomass/aicasd/detection/POLLNS-VI-IIIa_aicasd_looFALSE_detection.png"
"fishbiomass","REDDEEPI-II","classif","fishbiomass/aicasd/classif/REDDEEPI-II_aicasd_looFALSE_allmodels.png"
"fishbiomass","REDDEEPI-II","detection","fishbiomass/aicasd/detection/REDDEEPI-II_aicasd_looFALSE_detection.png"
"fishbiomass","REDFISHSPP3LN","classif","fishbiomass/aicasd/classif/REDFISHSPP3LN_aicasd_looFALSE_allmodels.png"
"fishbiomass","REDFISHSPP3LN","detection","fishbiomass/aicasd/detection/REDFISHSPP3LN_aicasd_looFALSE_detection.png"
"fishbiomass","REDFISHSPP3LN","dynfoot","fishbiomass/aicasd/dynfoot/REDFISHSPP3LN.png"
"fishbiomass","REDFISHSPP3M","classif","fishbiomass/aicasd/classif/REDFISHSPP3M_aicasd_looFALSE_allmodels.png"
"fishbiomass","REDFISHSPP3M","detection","fishbiomass/aicasd/detection/REDFISHSPP3M_aicasd_looFALSE_detection.png"
"fishbiomass","SARDPVIIIc-IXa","classif","fishbiomass/aicasd/classif/SARDPVIIIc-IXa_aicasd_looFALSE_allmodels.png"
"fishbiomass","SARDPVIIIc-IXa","detection","fishbiomass/aicasd/detection/SARDPVIIIc-IXa_aicasd_looFALSE_detection.png"
"fishbiomass","SEELNSSA1","classif","fishbiomass/aicasd/classif/SEELNSSA1_aicasd_looFALSE_allmodels.png"
"fishbiomass","SEELNSSA1","detection","fishbiomass/aicasd/detection/SEELNSSA1_aicasd_looFALSE_detection.png"
"fishbiomass","SEELNSSA2","classif","fishbiomass/aicasd/classif/SEELNSSA2_aicasd_looFALSE_allmodels.png"
"fishbiomass","SEELNSSA2","detection","fishbiomass/aicasd/detection/SEELNSSA2_aicasd_looFALSE_detection.png"
"fishbiomass","SEELNSSA3","classif","fishbiomass/aicasd/classif/SEELNSSA3_aicasd_looFALSE_allmodels.png"
"fishbiomass","SEELNSSA3","detection","fishbiomass/aicasd/detection/SEELNSSA3_aicasd_looFALSE_detection.png"
"fishbiomass","SMDOGATL","classif","fishbiomass/aicasd/classif/SMDOGATL_aicasd_looFALSE_allmodels.png"
"fishbiomass","SMDOGATL","detection","fishbiomass/aicasd/detection/SMDOGATL_aicasd_looFALSE_detection.png"
"fishbiomass","SOLECS","classif","fishbiomass/aicasd/classif/SOLECS_aicasd_looFALSE_allmodels.png"
"fishbiomass","SOLECS","detection","fishbiomass/aicasd/detection/SOLECS_aicasd_looFALSE_detection.png"
"fishbiomass","SOLECS","dynfoot","fishbiomass/aicasd/dynfoot/SOLECS.png"
"fishbiomass","SOLEIIIa-2224","classif","fishbiomass/aicasd/classif/SOLEIIIa-2224_aicasd_looFALSE_allmodels.png"
"fishbiomass","SOLEIIIa-2224","detection","fishbiomass/aicasd/detection/SOLEIIIa-2224_aicasd_looFALSE_detection.png"
"fishbiomass","SOLEIS","classif","fishbiomass/aicasd/classif/SOLEIS_aicasd_looFALSE_allmodels.png"
"fishbiomass","SOLEIS","detection","fishbiomass/aicasd/detection/SOLEIS_aicasd_looFALSE_detection.png"
"fishbiomass","SOLEIS","dynfoot","fishbiomass/aicasd/dynfoot/SOLEIS.png"
"fishbiomass","SOLENS","classif","fishbiomass/aicasd/classif/SOLENS_aicasd_looFALSE_allmodels.png"
"fishbiomass","SOLENS","detection","fishbiomass/aicasd/detection/SOLENS_aicasd_looFALSE_detection.png"
"fishbiomass","SOLENS","dynfoot","fishbiomass/aicasd/dynfoot/SOLENS.png"
"fishbiomass","SOLEVIId","classif","fishbiomass/aicasd/classif/SOLEVIId_aicasd_looFALSE_allmodels.png"
"fishbiomass","SOLEVIId","detection","fishbiomass/aicasd/detection/SOLEVIId_aicasd_looFALSE_detection.png"
"fishbiomass","SOLEVIIe","classif","fishbiomass/aicasd/classif/SOLEVIIe_aicasd_looFALSE_allmodels.png"
"fishbiomass","SOLEVIIe","detection","fishbiomass/aicasd/detection/SOLEVIIe_aicasd_looFALSE_detection.png"
"fishbiomass","SOLEVIIe","dynfoot","fishbiomass/aicasd/dynfoot/SOLEVIIe.png"
"fishbiomass","SOLEVIIIab","classif","fishbiomass/aicasd/classif/SOLEVIIIab_aicasd_looFALSE_allmodels.png"
"fishbiomass","SOLEVIIIab","detection","fishbiomass/aicasd/detection/SOLEVIIIab_aicasd_looFALSE_detection.png"
"fishbiomass","SPRAT22-32","classif","fishbiomass/aicasd/classif/SPRAT22-32_aicasd_looFALSE_allmodels.png"
"fishbiomass","SPRAT22-32","detection","fishbiomass/aicasd/detection/SPRAT22-32_aicasd_looFALSE_detection.png"
"fishbiomass","SPURDNEATL","classif","fishbiomass/aicasd/classif/SPURDNEATL_aicasd_looFALSE_allmodels.png"
"fishbiomass","SPURDNEATL","detection","fishbiomass/aicasd/detection/SPURDNEATL_aicasd_looFALSE_detection.png"
"fishbiomass","SPURDNEATL","dynfoot","fishbiomass/aicasd/dynfoot/SPURDNEATL.png"
"fishbiomass","SWORDNATL","classif","fishbiomass/aicasd/classif/SWORDNATL_aicasd_looFALSE_allmodels.png"
"fishbiomass","SWORDNATL","detection","fishbiomass/aicasd/detection/SWORDNATL_aicasd_looFALSE_detection.png"
"fishbiomass","SWORDNATL","dynfoot","fishbiomass/aicasd/dynfoot/SWORDNATL.png"
"fishbiomass","TURIV","classif","fishbiomass/aicasd/classif/TURIV_aicasd_looFALSE_allmodels.png"
"fishbiomass","TURIV","detection","fishbiomass/aicasd/detection/TURIV_aicasd_looFALSE_detection.png"
"fishbiomass","WANGLVII-VIIIabd","classif","fishbiomass/aicasd/classif/WANGLVII-VIIIabd_aicasd_looFALSE_allmodels.png"
"fishbiomass","WANGLVII-VIIIabd","detection","fishbiomass/aicasd/detection/WANGLVII-VIIIabd_aicasd_looFALSE_detection.png"
"fishbiomass","WANGLVIIIc-IXa","classif","fishbiomass/aicasd/classif/WANGLVIIIc-IXa_aicasd_looFALSE_allmodels.png"
"fishbiomass","WANGLVIIIc-IXa","detection","fishbiomass/aicasd/detection/WANGLVIIIc-IXa_aicasd_looFALSE_detection.png"
"fishbiomass","WANGLVIIIc-IXa","dynfoot","fishbiomass/aicasd/dynfoot/WANGLVIIIc-IXa.png"
"fishbiomass","WHAKE4T","classif","fishbiomass/aicasd/classif/WHAKE4T_aicasd_looFALSE_allmodels.png"
"fishbiomass","WHAKE4T","detection","fishbiomass/aicasd/detection/WHAKE4T_aicasd_looFALSE_detection.png"
"fishbiomass","WHAKEGBGOM","classif","fishbiomass/aicasd/classif/WHAKEGBGOM_aicasd_looFALSE_allmodels.png"
"fishbiomass","WHAKEGBGOM","detection","fishbiomass/aicasd/detection/WHAKEGBGOM_aicasd_looFALSE_detection.png"
"fishbiomass","WHAKEGBGOM","dynfoot","fishbiomass/aicasd/dynfoot/WHAKEGBGOM.png"
"fishbiomass","WHITNS-VIId","classif","fishbiomass/aicasd/classif/WHITNS-VIId_aicasd_looFALSE_allmodels.png"
"fishbiomass","WHITNS-VIId","detection","fishbiomass/aicasd/detection/WHITNS-VIId_aicasd_looFALSE_detection.png"
"fishbiomass","WHITNS-VIId","dynfoot","fishbiomass/aicasd/dynfoot/WHITNS-VIId.png"
"fishbiomass","WHITVIa","classif","fishbiomass/aicasd/classif/WHITVIa_aicasd_looFALSE_allmodels.png"
"fishbiomass","WHITVIa","detection","fishbiomass/aicasd/detection/WHITVIa_aicasd_looFALSE_detection.png"
"fishbiomass","WHITVIIa","classif","fishbiomass/aicasd/classif/WHITVIIa_aicasd_looFALSE_allmodels.png"
"fishbiomass","WHITVIIa","detection","fishbiomass/aicasd/detection/WHITVIIa_aicasd_looFALSE_detection.png"
"fishbiomass","YELL3LNO","classif","fishbiomass/aicasd/classif/YELL3LNO_aicasd_looFALSE_allmodels.png"
"fishbiomass","YELL3LNO","detection","fishbiomass/aicasd/detection/YELL3LNO_aicasd_looFALSE_detection.png"
"fishbiomass","YELL3LNO","dynfoot","fishbiomass/aicasd/dynfoot/YELL3LNO.png"
"fishbiomass","YELLGB","classif","fishbiomass/aicasd/classif/YELLGB_aicasd_looFALSE_allmodels.png"
"fishbiomass","YELLGB","detection","fishbiomass/aicasd/detection/YELLGB_aicasd_looFALSE_detection.png"
"fishbiomass","YELLSNEMATL","classif","fishbiomass/aicasd/classif/YELLSNEMATL_aicasd_looFALSE_allmodels.png"
"fishbiomass","YELLSNEMATL","detection","fishbiomass/aicasd/detection/YELLSNEMATL_aicasd_looFALSE_detection.png"
